"method","metric","value","display","sparse_ratio_vs_full","metric_label"
"Sparse k25 High","ppl",116.21,"25.7% sparse",0.257,"PPL"
"CacheOPD-Sparse","ppl",118.2,"35.1% sparse",0.351,"PPL"
"Sparse q=0 High50","ppl",65.59,"51.3% sparse",0.513,"PPL"
"Sparse k75 High","ppl",116.63,"77.0% sparse",0.77,"PPL"
"CacheOPD-Full","ppl",109.52,"100% full",1,"PPL"
"Sparse k25 High","plddt",57.23,"25.7% sparse",0.257,"pLDDT"
"CacheOPD-Sparse","plddt",56.56,"35.1% sparse",0.351,"pLDDT"
"Sparse q=0 High50","plddt",56.29,"51.3% sparse",0.513,"pLDDT"
"Sparse k75 High","plddt",57.22,"77.0% sparse",0.77,"pLDDT"
"CacheOPD-Full","plddt",57.28,"100% full",1,"pLDDT"
"Sparse k25 High","pae",14.9,"25.7% sparse",0.257,"pAE"
"CacheOPD-Sparse","pae",15.5,"35.1% sparse",0.351,"pAE"
"Sparse q=0 High50","pae",15.84,"51.3% sparse",0.513,"pAE"
"Sparse k75 High","pae",15.22,"77.0% sparse",0.77,"pAE"
"CacheOPD-Full","pae",15.2,"100% full",1,"pAE"
"Sparse k25 High","ptm",0.503,"25.7% sparse",0.257,"pTM"
"CacheOPD-Sparse","ptm",0.484,"35.1% sparse",0.351,"pTM"
"Sparse q=0 High50","ptm",0.48,"51.3% sparse",0.513,"pTM"
"Sparse k75 High","ptm",0.493,"77.0% sparse",0.77,"pTM"
"CacheOPD-Full","ptm",0.497,"100% full",1,"pTM"
"Sparse k25 High","sol",0.653,"25.7% sparse",0.257,"Sol"
"CacheOPD-Sparse","sol",0.671,"35.1% sparse",0.351,"Sol"
"Sparse q=0 High50","sol",0.669,"51.3% sparse",0.513,"Sol"
"Sparse k75 High","sol",0.658,"77.0% sparse",0.77,"Sol"
"CacheOPD-Full","sol",0.684,"100% full",1,"Sol"
"Sparse k25 High","thermo",0.676,"25.7% sparse",0.257,"Thermo"
"CacheOPD-Sparse","thermo",0.692,"35.1% sparse",0.351,"Thermo"
"Sparse q=0 High50","thermo",0.706,"51.3% sparse",0.513,"Thermo"
"Sparse k75 High","thermo",0.678,"77.0% sparse",0.77,"Thermo"
"CacheOPD-Full","thermo",0.678,"100% full",1,"Thermo"
