"metric_x","metric_y","spearman"
"length","length",1
"length","ppl",0.349509774123569
"length","plddt",-0.0309324655242861
"length","pae",0.251746890423459
"length","ptm",-0.0195021389021102
"length","sol",-0.209062286674007
"length","thermo",-0.0330953661021944
"ppl","length",0.349509774123569
"ppl","ppl",1
"ppl","plddt",-0.593569878154551
"ppl","pae",0.52051166102387
"ppl","ptm",-0.495425103475074
"ppl","sol",-0.0454012988329648
"ppl","thermo",-0.157715966842595
"plddt","length",-0.0309324655242861
"plddt","ppl",-0.593569878154551
"plddt","plddt",1
"plddt","pae",-0.749789267649173
"plddt","ptm",0.881936651311175
"plddt","sol",-0.219849420161168
"plddt","thermo",0.114895756605121
"pae","length",0.251746890423459
"pae","ppl",0.52051166102387
"pae","plddt",-0.749789267649173
"pae","pae",1
"pae","ptm",-0.900449981679285
"pae","sol",0.23088528647731
"pae","thermo",-0.34863152424819
"ptm","length",-0.0195021389021102
"ptm","ppl",-0.495425103475074
"ptm","plddt",0.881936651311175
"ptm","pae",-0.900449981679285
"ptm","ptm",1
"ptm","sol",-0.289703725336445
"ptm","thermo",0.270703053533615
"sol","length",-0.209062286674007
"sol","ppl",-0.0454012988329648
"sol","plddt",-0.219849420161168
"sol","pae",0.23088528647731
"sol","ptm",-0.289703725336445
"sol","sol",1
"sol","thermo",-0.10637740367789
"thermo","length",-0.0330953661021944
"thermo","ppl",-0.157715966842595
"thermo","plddt",0.114895756605121
"thermo","pae",-0.34863152424819
"thermo","ptm",0.270703053533615
"thermo","sol",-0.10637740367789
"thermo","thermo",1
