"method","family","aa_class","fraction"
"ProLLaMA","Base","acidic",0.140429052134954
"CacheOPD-Full","CacheOPD","acidic",0.128307717579527
"CacheOPD-Sparse","CacheOPD","acidic",0.12772279092762
"Fold-teacher KD","KD","acidic",0.154114678164129
"LogitAvg-KD","KD","acidic",0.152147851476785
"ProbAvg-KD","KD","acidic",0.152515923885114
"Sol-teacher KD","KD","acidic",0.153333847221566
"Thermo-teacher KD","KD","acidic",0.151877075052494
"Online OPD","Online OPD","acidic",0.147462335397307
"SFT","SFT","acidic",0.154076645848845
"ProLLaMA","Base","basic",0.101504404776923
"CacheOPD-Full","CacheOPD","basic",0.134519601736859
"CacheOPD-Sparse","CacheOPD","basic",0.133969927891477
"Fold-teacher KD","KD","basic",0.0823081880598416
"LogitAvg-KD","KD","basic",0.0975514960598424
"ProbAvg-KD","KD","basic",0.0965985868112855
"Sol-teacher KD","KD","basic",0.0816795094576805
"Thermo-teacher KD","KD","basic",0.0851623079192176
"Online OPD","Online OPD","basic",0.107141765585916
"SFT","SFT","basic",0.0773462586518374
"ProLLaMA","Base","charged",0.241933456911877
"CacheOPD-Full","CacheOPD","charged",0.262827319316386
"CacheOPD-Sparse","CacheOPD","charged",0.261692718819097
"Fold-teacher KD","KD","charged",0.236422866223971
"LogitAvg-KD","KD","charged",0.249699347536628
"ProbAvg-KD","KD","charged",0.2491145106964
"Sol-teacher KD","KD","charged",0.235013356679246
"Thermo-teacher KD","KD","charged",0.237039382971712
"Online OPD","Online OPD","charged",0.254604100983223
"SFT","SFT","charged",0.231422904500682
"ProLLaMA","Base","hydrophobic",0.408599400841391
"CacheOPD-Full","CacheOPD","hydrophobic",0.414735926233049
"CacheOPD-Sparse","CacheOPD","hydrophobic",0.422174314282918
"Fold-teacher KD","KD","hydrophobic",0.404929333564224
"LogitAvg-KD","KD","hydrophobic",0.399626919228725
"ProbAvg-KD","KD","hydrophobic",0.395713379062436
"Sol-teacher KD","KD","hydrophobic",0.396370503265471
"Thermo-teacher KD","KD","hydrophobic",0.408872411065247
"Online OPD","Online OPD","hydrophobic",0.395462377981759
"SFT","SFT","hydrophobic",0.38249621986897
"ProLLaMA","Base","polar",0.366534095368621
"CacheOPD-Full","CacheOPD","polar",0.333829447718437
"CacheOPD-Sparse","CacheOPD","polar",0.327787701778125
"Fold-teacher KD","KD","polar",0.368072503191471
"LogitAvg-KD","KD","polar",0.362164007362934
"ProbAvg-KD","KD","polar",0.363997114278971
"Sol-teacher KD","KD","polar",0.378999034373676
"Thermo-teacher KD","KD","polar",0.361398527387782
"Online OPD","Online OPD","polar",0.360719624417967
"SFT","SFT","polar",0.399120511954096
