"panel","node","evidence"
"Phase I","Reference prompts and rollouts","128 matched conditional samples; reference visitation distribution"
"Phase I","Three property teachers","Foldability, solubility, thermostability teachers"
"Phase I","Cached teacher supports","Top-K teacher-supported candidate tokens plus exact log probabilities"
"Phase II","Temperature-calibrated PoE","q(v) proportional to product_m p_m(v)^(lambda_m/tau_m)"
"Phase II","Support gate and utility","Reference support mass gate; U = KL(cached PoE target || reference)"
"Phase II","Global sparse mask","CacheOPD-Sparse keeps 5,628 tokens vs 16,055 full-cache tokens"
"Phase III","Static cache minibatches","No teacher model is called during optimization"
"Phase III","Student optimization","Preference loss plus LM and EOS anchors"
"Phase III","Conditional generation","Same prompts, decoding, post-processing and evaluators as baselines"
