"id","stage","x","y","w","h","label","family"
"prompt","I",0.095,0.565,0.105,0.09,"Condition prompts
c","input"
"rollout","I",0.245,0.565,0.125,0.09,"Reference rollouts
x ~ p_ref","input"
"prefix","I",0.395,0.565,0.125,0.09,"Prefix states
h_{i,t}","input"
"teacher_fold","II",0.555,0.675,0.115,0.075,"Foldability
teacher","teacher"
"teacher_sol","II",0.555,0.565,0.115,0.075,"Solubility
teacher","teacher"
"teacher_thermo","II",0.555,0.455,0.115,0.075,"Thermostability
teacher","teacher"
"support","II",0.705,0.565,0.125,0.09,"Teacher-supported
candidate tokens","support"
"cache","II",0.855,0.565,0.135,0.105,"Offline multi-teacher
cache","cache"
"poe","II",0.445,0.245,0.15,0.095,"Cached PoE target
q(v | h)","poe"
"utility","III",0.605,0.245,0.115,0.095,"Utility score
KL(q || p_ref)","utility"
"select","III",0.735,0.245,0.135,0.095,"Sparse token-position
selection","select"
"student","III",0.875,0.245,0.145,0.105,"Student optimization
zero teacher calls","student"
"anchors","III",0.735,0.115,0.18,0.075,"LM / EOS anchors
sequence validity","anchor"
"online_rollout","online",0.13,0.875,0.15,0.08,"Student rollout
p_theta","online"
"online_teacher","online",0.375,0.875,0.175,0.08,"Real-time
teacher scoring","online"
"online_update","online",0.62,0.875,0.145,0.08,"Student update","online"
"online_repeat","online",0.85,0.875,0.15,0.08,"Repeated teacher calls
during training","online"
