"lane","x","y","w","h","label","group"
"SFT",1,4,1.14,0.42,"Prompts and reference sequences","Base"
"SFT",2.55,4,1.18,0.42,"One-hot reference tokens","Base"
"SFT",4.1,4,0.98,0.42,"Student SFT","Base"
"Traditional offline KD",1,3,0.92,0.42,"Reference prefixes","KD"
"Traditional offline KD",2.25,3,1.05,0.42,"Cached teacher distributions","KD"
"Traditional offline KD",3.45,3,1.05,0.42,"Probability/logit averaging","KD"
"Traditional offline KD",4.65,3,1.05,0.42,"Student KD","KD"
"Online OPD",1,2,0.82,0.42,"Student rollout","Online OPD"
"Online OPD",2.05,2,0.95,0.42,"Real-time teacher scoring","Online OPD"
"Online OPD",3.1,2,0.95,0.42,"Normalized PoE target","Online OPD"
"Online OPD",4.15,2,0.95,0.42,"Student update","Online OPD"
"Online OPD",5.2,2,0.85,0.42,"Repeated teacher calls","Online OPD"
"CacheOPD",1,1,0.9,0.48,"Reference rollouts","CacheOPD"
"CacheOPD",2.1,1,1.05,0.48,"Offline multi-teacher cache","CacheOPD"
"CacheOPD",3.25,1,1.45,0.48,"Cached PoE target over teacher-supported candidate tokens","CacheOPD"
"CacheOPD",4.35,1,1.2,0.48,"Sparse token-position selection","CacheOPD"
"CacheOPD",5.35,1,1.25,0.48,"Student training with zero training-stage teacher calls","CacheOPD"
