"panel","item","value","annotation"
"A. Online cost bottleneck","Online OPD train calls",6144,"teacher served in every optimization loop"
"A. Online cost bottleneck","CacheOPD cache calls",384,"93.8% fewer teacher calls than online OPD"
"B. Fusion target matters","ProbAvg-KD quality index",0.556,"linear probability averaging"
"B. Fusion target matters","LogitAvg-KD quality index",0.623,"linear logit averaging"
"B. Fusion target matters","CacheOPD-Full quality index",0.951,"cached PoE target over teacher-supported candidate tokens"
"C. Token utility is selective","Unselected utility",0.949853853808628,"lower preference signal"
"C. Token utility is selective","Selected utility",1.11697682100682,"higher preference signal"
"D. Sparse approximates full","CacheOPD-Full quality index",0.951,"16,055 training tokens"
"D. Sparse approximates full","CacheOPD-Sparse quality index",0.909,"5,628 training tokens"
