"source","method","source_method","ppl","plddt","pae","ptm","sol","thermo","effective_tokens","multi_objective_score","pareto_non_dominated"
"main_p0","CacheOPD-Full","Offline-OPDRollout-K64",62.1042221634575,57.3979752035592,15.2016719758041,0.498465453428546,0.683322834645669,0.675306490603388,NA,0.913094592168892,"True"
"selection_old","Contrib2-High50","Contrib2-High50",64.120658760796,58.0010591540486,14.7490308433771,0.509925474296324,0.6601875,0.668390273475833,8244,0.876079182900154,"True"
"fusion","Offline-BaseRollout-K64","Offline-BaseRollout-K64",67.0913207417219,56.2931922730058,15.8199466057122,0.483387065934949,0.66446875,0.692354435928397,16488,0.805734846266324,"True"
"main_p0","Offline-BaseRollout-K64","Offline-BaseRollout-K64",67.0913207417219,56.2931922730058,15.8199466057122,0.483387065934949,0.66446875,0.692354435928397,NA,0.805734846266324,"True"
"selection_old","Offline-BaseRollout-K64","Offline-BaseRollout-K64",67.0913207417219,56.2931922730058,15.8199466057122,0.483387065934949,0.66446875,0.692354435928397,NA,0.805734846266324,"True"
"conflict","Contrib3-ConflictUp","Contrib3-ConflictUp",66.5093486966121,56.7772828687833,15.2248540562908,0.503637441734629,0.641984251968504,0.69885050721724,16488,0.790127272459916,"True"
"conflict","Contrib3-ConflictDown","Contrib3-ConflictDown",64.5053423094563,56.041551544331,15.3794149793684,0.487794761022087,0.65103125,0.675531667044214,16488,0.778888503013051,"True"
"selection_old","Contrib2-Random50","Contrib2-Random50",69.1630344351465,56.1281371773697,15.6289627570806,0.485079965136183,0.648314960629921,0.683712004708066,8244,0.754588913416471,"True"
"fusion","LogitAvg-KD","Exp3-Fusion-LogitAvg",118.556616755169,50.6075820187107,19.5092971026897,0.404359656618908,0.69409375,0.445712103109749,16488,0.253881641654362,"True"
